,Title
game of thrones,30
veep,24
the marvelous mrs maisel,21
saturday night live,20
handmaid's tale,20
better call saul,17
ozark,17
the crown,17
barry,15
fargo,14
westworld,14
this is us,14
the people v. o.j. simpson: american crime story,13
succession,13
atlanta,13
silicon valley,12
black-ish,12
killing eve,12
schitt’s creek,11
stranger things,11
when they see us,11
watchmen,11
the americans,11
house of cards,10
feud: bette and joan,10
big little lies,10
the good place,9
unbreakable kimmy schmidt,9
the assassination of gianni versace: american crime story,9
transparent,8
the night of,8
master of none,7
fosse/verdon,7
homeland,7
last week tonight with john oliver,7
escape at dannemora,7
chernobyl,6
godless,6
full frontal with samantha bee,6
the night manager,6
american crime,6
black mirror,6
the late show with stephen colbert,6
mrs. america,6
fleabag,6
jimmy kimmel live!,6
the morning show,5
drunk history,5
glow,5
top chef,5
the kominsky method,5
the voice,5
modern family,5
hollywood,4
the amazing race,4
baskets,4
sherlock,4
jesus christ superstar live in concert,4
american horror story,4
all the way,4
a very english scandal,4
american ninja warrior,4
dead to me,4
russian doll,4
patrick melrose,4
the late late show with james corden,4
downton abbey,4
what we do in the shadows,4
ray donovan,4
grace and frankie,4
unorthodox,4
rupauls drag race,4
insecure,4
unbelievable,3
mr. robot,3
ramy,3
the wizard of lies,3
sharp objects,3
curb your enthusiasm,3
project runway,3
genius,3
how to get away with murder,3
little fires everywhere,3
mom,3
shameless,3
normal people,3
portlandia,3
pose,3
the looming tower,3
the daily show with trevor noah,3
black monday,2
will & grace,2
john mulaney special,2
amy schumer: live at the apollo,2
the big bang theory,2
bloodline,2
better things,2
bodyguard,2
tracy ullman show,2
inside amy schumer,2
confirmation,2
at home with amy sedaris,2
orphan black,2
the great,2
documentary now!,2
getting on,2
nailed it!,2
twin peaks,2
key & peele,2
brooklyn nine-nine,2
genius: picasso,2
unreal,2
real time with bill maher,2
luther,2
steve martin & martin short: an evening you will forget for the rest of your life,2
the act,2
my dinner with hervé,1
the good wife,1
triumph’s election special 2016,1
michelle wolf: nice lady,1
a very murray christmas,1
the tale,1
seven seconds,1
american vandal,1
the masked singer,1
i know this much is true,1
dave chappelle: equanimity,1
dancing with the stars,1
self made,1
waco,1
king lear,1
grease: live!,1
law & order true crime: the menendez murders,1
the affair,1
the oscars,1
deadwood: the movie,1
the kennedy center honors,1
euphoria,1
super bowl lii halftime show starring justin timberlake,1
the alienist,1
the last man on earth,1
who is america?,1
love you america,1
oseanne,1
lemonade,1
orange is the new black,1
tig notaro: boyish girl interrupted,1
patton oswalt: talking for clapping,1
the immortal life of henrietta lacks,1
the tonight show starring jimmy fallon,1
late night with seth meyers,1
paterno,1
dolly parton’s christmas of many colors,1
adele live in new york city,1
catastrophe,1
the mandalorian,1
the sinner,1
documentary now,1
empire,1
brexit,1
roots,1
comedians in cars getting coffee,1
true detective,1
58th grammy awards,1
lady day at emerson’s bar and grill,1
patton oswalt: annihilation,1
billy on the street,1
i love you america with sarah silverman,1
bad education,1
pen15,1
the knick,1
jerry seinfeld: jerry before seinfeld,1
